,imdb_title_id,title,year,genre,duration,country,language,actors,avg_vote,votes,description,director
0,tt0000009,Miss Jerry,1894,Romance,45,USA,None,"Blanche Bayliss, William Courtenay, Chauncey Depew",5.9,154,The adventures of a female reporter in the 1890s.,Alexander Black
1,tt0000574,The Story of the Kelly Gang,1906,"Biography, Crime, Drama",70,Australia,None,"Elizabeth Tait, John Tait, Norman Campbell, Bella Cola, Will Coyne, Sam Crewes, Jack Ennis, John Forde, Vera Linden, Mr. Marshall, Mr. McKenzie, Frank Mills, Ollie Wilson",6.1,589,True story of notorious Australian outlaw Ned Kelly (1855-80).,Charles Tait
2,tt0001892,Den sorte drøm,1911,Drama,53,"Germany, Denmark",,"Asta Nielsen, Valdemar Psilander, Gunnar Helsengreen, Emil Albes, Hugo Flink, Mary Hagen",5.8,188,"Two men of high rank are both wooing the beautiful and famous equestrian acrobat Stella. While Stella ignores the jeweler Hirsch, she accepts Count von Waldberg's offer to follow her home, ...",Urban Gad
3,tt0002101,Cleopatra,1912,"Drama, History",100,USA,English,"Helen Gardner, Pearl Sindelar, Miss Fielding, Miss Robson, Helene Costello, Charles Sindelar, Mr. Howard, James R. Waite, Mr. Osborne, Harry Knowles, Mr. Paul, Mr. Brady, Mr. Corker",5.2,446,The fabled queen of Egypt's affair with Roman general Marc Antony is ultimately disastrous for both of them.,Charles L. Gaskill
4,tt0002130,L'Inferno,1911,"Adventure, Drama, Fantasy",68,Italy,Italian,"Salvatore Papa, Arturo Pirovano, Giuseppe de Liguoro, Pier Delle Vigne, Augusto Milla, Attilio Motta, Emilise Beretta",7.0,2237,Loosely adapted from Dante's Divine Comedy and inspired by the illustrations of Gustav Doré the original silent film has been restored and has a new score by Tangerine Dream.,"Francesco Bertolini, Adolfo Padovan"
5,tt0002199,"From the Manger to the Cross; or, Jesus of Nazareth",1912,"Biography, Drama",60,USA,English,"R. Henderson Bland, Percy Dyer, Gene Gauntier, Alice Hollister, Samuel Morgan, James D. Ainsley, Robert G. Vignola, George Kellog, J.P. McGowan",5.7,484,"An account of the life of Jesus Christ, based on the books of the New Testament: After Jesus' birth is foretold to his parents, he is born in Bethlehem, and is visited by shepherds and wise...",Sidney Olcott
6,tt0002423,Madame DuBarry,1919,"Biography, Drama, Romance",85,Germany,German,"Pola Negri, Emil Jannings, Harry Liedtke, Eduard von Winterstein, Reinhold Schünzel, Else Berna, Fred Immler, Gustav Czimeg, Karl Platen, Bernhard Goetzke, Magnus Stifter, Paul Biensfeldt, Willy Kaiser-Heyl, Alexander Ekert, Robert Sortsch-Pla",6.8,753,"The story of Madame DuBarry, the mistress of Louis XV of France, and her loves in the time of the French revolution.",Ernst Lubitsch
7,tt0002445,Quo Vadis?,1913,"Drama, History",120,Italy,Italian,"Amleto Novelli, Gustavo Serena, Carlo Cattaneo, Amelia Cattaneo, Lea Giunchi, Bruto Castellani, Augusto Mastripietri, Cesare Moltini, Olga Brandini, Ignazio Lupi, Giovanni Gizzi, Lia Orlandini, Matilde Guillaume, Ida Carloni Talli, Giuseppe Gambardella",6.2,273,"An epic Italian film ""Quo Vadis"" influenced many of the later movies.",Enrico Guazzoni
8,tt0002452,Independenta Romaniei,1912,"History, War",120,Romania,,"Aristide Demetriade, Constanta Demetriade, Constantin Nottara, Pepi Machauer, Aurel Athanasescu, Jeny Metaxa-Doro, Nicolae Soreanu, Vasile Toneanu, Aristita Romanescu, Elvire Popesco, M. Vîrgolici, C. Nedelcovici, Mihail Tancovici-Cosmin, Ion Dumitrescu, Gheorghe Meliseanu",6.7,198,The movie depicts the Romanian War of Independence (1877-1878).,"Aristide Demetriade, Grigore Brezeanu"
9,tt0002461,Richard III,1912,Drama,55,"France, USA",English,"Robert Gemp, Frederick Warde, Albert Gardner, James Keane, George Moss, Howard Stuart, Virginia Rankin, Violet Stuart, Carey Lee, Carlotta De Felice",5.5,225,Richard of Gloucester uses manipulation and murder to gain the English throne.,"André Calmettes, James Keane"
10,tt0002646,Atlantis,1913,Drama,121,Denmark,Danish,"Olaf Fønss, Ida Orloff, Ebba Thomsen, Carl Lauritzen, Frederik Jacobsen, Charles Unthan, Torben Meyer, Svend Bille, Oluf Billesborg, Maja Bjerre-Lind, Cajus Bruun, Michael Curtiz, Marie Dinesen, Vera Esbøll, Lily Frederiksen",6.6,331,"After Dr. Friedrich's wife becomes mentally unstable and his research papers are rejected, he leaves the country to respite.",August Blom
11,tt0002844,Fantômas - À l'ombre de la guillotine,1913,"Crime, Drama",54,France,French,"René Navarre, Edmund Breon, Georges Melchior, Renée Carl, Jane Faber, André Volbert, Naudier, Maillard, Yvette Andréyor, André Luguet",7.0,1944,Inspector Juve is tasked to investigate and capture an infamous criminal Fantomas.,Louis Feuillade
12,tt0003014,Il calvario di una madre,1913,Drama,96,Sweden,,"Hilda Borgström, Aron Lindgren, Erik Lindholm, Georg Grönroos, William Larsson, Richard Lund, Carl Barcklind, Hugo Björne, Bertil Malmstedt",7.1,948,Single mother is separated from her children due to financial struggles.,Victor Sjöström
13,tt0003037,Juve contre Fantômas,1913,"Crime, Drama",61,France,French,"René Navarre, Edmund Breon, Georges Melchior, Renée Carl, Yvette Andréyor, Laurent Morléas",7.0,1349,"In Part Two of Louis Feuillade's 5 1/2-hour epic follows FantÃ'mas, the criminal lord of Paris, master of disguise, the creeping assassin in black, as he is pursued by the equally resourceful Inspector Juve.",Louis Feuillade
14,tt0003102,Ma l'amor mio non muore...,1914,Drama,90,Italy,Italian,"Lyda Borelli, Mario Bonnard, Gian Paolo Rosmino, Vittorio Rossi Pianelli, Dante Cappelli, Maria Caserini, Camillo De Riso, Emilio Petacci, Antonio Monti, Letizia Quaranta, Felice Metellio, Gentile Miotti",6.2,100,"Leslie Swayne, an adventurer, in order to obtain enough money to satisfy the needs of his extravagant life, has been bribed to steal the plans of the fortification from the staff officers ...",Mario Caserini
15,tt0003131,Maudite soit la guerre,1914,"Drama, War",50,Belgium,French,"Baert, Suzanne Berni, Fernand Crommelynck, Nadia D'Angely, Henri Goidsen, Albert Hendrickx, Maurice Auzat, Renée Bailly, Georges Etienne, Zizi Festerat, Lucien Mussière, Réginald, Jane Tony",6.5,124,"An army pilot is on a visit at the home of another army pilot in the neighboured country. He falls in love with his sister. After the outbreak of a war between the two countries, her ...",Alfred Machin
16,tt0003165,Le mort qui tue,1913,"Crime, Drama, Mystery",90,France,French,"René Navarre, Edmund Breon, Georges Melchior, André Luguet, Luitz-Morat, Naudier, Armand Dutertre, Renée Carl, Fabienne Fabrèges, Jane Faber, Marie Dorly, Édouard Mathé",7.0,1050,"After a body disappears from inside the prison, a series of crimes take place, all seemingly by the dead man. With Juve presumed dead, Fandor must investigate alone. Will Fantomas finally be brought to justice?",Louis Feuillade
17,tt0003167,Amore di madre,1914,Drama,55,USA,English,"Henry B. Walthall, Josephine Crowell, Lillian Gish, Dorothy Gish, Fay Tincher, Mae Marsh, Spottiswoode Aitken, Robert Harron, Miriam Cooper, Mary Alden, Donald Crisp, James Kirkwood, Jack Pickford, Fred Burns, Courtenay Foote",5.8,187,"John Howard Payne at his most miserable point in life, writes a song which becomes popular and inspires other people at some point in their lives.",D.W. Griffith
18,tt0003419,Lo studente di Praga,1913,"Drama, Fantasy, Horror",85,Germany,"German, English","Paul Wegener, Grete Berger, Lyda Salmonova, John Gottowt, Lothar Körner, Fritz Weidemann",6.5,1768,"Balduin, a student of Prague, leaves his roystering companions in the beer garden, when he finds he has reached the end of his resources. He is scarcely seated in a quiet corner when a ...","Paul Wegener, Stellan Rye"
19,tt0003471,Traffic in Souls,1913,"Crime, Drama",88,USA,English,"Jane Gail, Ethel Grandin, William H. Turner, Matt Moore, William Welsh, Millie Liston, Irene Wallace, William Cavanaugh, Arthur Hunter, Howard Crampton, W.H. Bainbridge, Luray Huntley, William Powers, Jack Poulton, Edward Boring",6.0,552,"A woman, with the aid of her police officer sweetheart, endeavors to uncover the prostitution ring that has kidnapped her sister, and the philanthropist who secretly runs it.",George Loane Tucker
20,tt0003489,Gli ultimi giorni di Pompei,1913,"Adventure, Drama",88,Italy,Italian,"Fernanda Negri Pouget, Eugenia Tettoni Fior, Ubaldo Stefani, Antonio Grisanti, Cesare Gani Carini, Vitale Di Stefano, Maria Brioschi, Carlo Campogalliani, Ersilia Scalpellini, Ercole Vaser, Cesare Zocchi",6.2,474,Two love triangles intersect in ancient Pompei.,"Mario Caserini, Eleuterio Rodolfi"
21,tt0003637,Assunta Spina,1915,Drama,72,Italy,,"Francesca Bertini, Gustavo Serena, Carlo Benetti, Luciano Albertini, Amelia Cipriani, Antonio Cruichi, Alberto Collo, Alberto Albertini",6.4,378,Assunta Spina is a tragedy set in Naples at the beginning of the twentieth century. Assunta and Michele are in love but others come between them and there is much jealousy. They fight and ...,"Francesca Bertini, Gustavo Serena"
22,tt0003643,The Avenging Conscience: or 'Thou Shalt Not Kill',1914,"Crime, Drama, Horror",78,USA,English,"Henry B. Walthall, Spottiswoode Aitken, Blanche Sweet, George Siegmann, Ralph Lewis, Mae Marsh, Robert Harron, George Beranger",6.4,1105,"Prevented from dating his sweetheart by his uncle, a young man turns his thoughts to murder.",D.W. Griffith
23,tt0003657,The Bargain,1914,Western,70,USA,English,"William S. Hart, J. Frank Burke, Clara Williams, J. Barney Sherry, Joseph J. Dowling",6.5,144,"After the bandit Jim Stokes robs the stage he is wounded fleeing. Recuperating at a ranch, he falls in love with and marries the daughter. Now wishing to go straight he tries to return the ...",Reginald Barker
24,tt0003740,Cabiria,1914,"Adventure, Drama, History",148,Italy,Italian,"Carolina Catena, Lidia Quaranta, Gina Marangoni, Dante Testa, Umberto Mozzato, Bartolomeo Pagano, Raffaele di Napoli, Emilio Vardannes, Edoardo Davesnes, Italia Almirante-Manzini, Alex Bernard, Luigi Chellini, Vitale Di Stefano, Enrico Gemelli, Ignazio Lupi",7.1,3073,"Cabiria is a Roman child when her home is destroyed by a volcano. Sold in Carthage to be sacrificed in a temple, is saved by Fulvio, a Roman spy. But danger lurks, and hatred between Rome and Carthage can only lead to war.",Giovanni Pastrone
25,tt0003772,Cinderella,1914,"Fantasy, Drama",52,USA,English,"Mary Pickford, Owen Moore, Isabel Vernon, Georgia Wilson, Lucille Carney, W.N. Cone, Inez Ranous",6.0,929,"Though mistreated by her cruel stepmother and stepsisters, Cinderella is able to attend the royal ball through the help of a fairy godmother.",James Kirkwood
26,tt0003883,L'enfant de Paris,1913,"Crime, Drama",124,France,French,"Léonce Perret, Louis Leubas, Maurice Lagrenée, Émile Keppens, Marc Gérard, Henri Duval, Marie Dorly, Suzanne Le Bret, Jeanne Marie-Laurent, Adrien Petit, Suzanne Privat",7.5,303,"The young daughter of an army captain missing in action runs away from school and is kidnapped by Parisian lowlifes. When the kidnapper flees to Nice with the child, the kind-hearted employee of one of his accomplices sets off in pursuit.",Léonce Perret
27,tt0003930,Fantômas contre Fantômas,1914,"Crime, Drama",59,France,French,"René Navarre, Georges Melchior, Laurent Morléas, Renée Carl, Jane Faber, Yvette Andréyor, Edmund Breon, Naudier",6.9,1161,"The mystery of the drama is the appearance of the finger-print of a dead artist upon the neck of Princess Sonia Danidoff, whom Fantomas, as Nanteuil, relieves of her pearl necklace, and ...",Louis Feuillade
28,tt0003973,A Florida Enchantment,1914,Comedy,63,USA,English,"Sidney Drew, Edith Storey, Charles Kent, Mrs. Sidney Drew, Ada Gifford, Ethel Lloyd, Lillian Burns, Grace Stevens, Allan Campbell, Cortland Van Deusen, Frank O'Neil",5.8,202,"A young woman discovers a seed that can make women act like men and men act like women. She decides to take one, then slips one to her maid and another to her fiancé. The fun begins.",Sidney Drew
29,tt0004026,Der Golem,1915,Horror,60,Germany,German,"Paul Wegener, Henrik Galeen, Lyda Salmonova, Rudolf Blümner, Robert A. Dietrich, Carl Ebert, Jakob Tiedtke",6.8,1040,"In this version of the golem legend, the golem, a clay statue brought to life by Rabbi Loew in 16th century Prague to save the Jews from the ongoing brutal persecution by the city's rulers,...","Henrik Galeen, Paul Wegener"
30,tt0004066,Det hemmelighedsfulde X,1914,"Drama, Mystery",84,Denmark,Danish,"Benjamin Christensen, Karen Caspersen, Otto Reinwald, Fritz Lamprecht, Amanda Lund, Hermann Spiro, Bjørn Spiro, Holger Bjerre, Otto Lagoni, Charles Løwaas, Holger Rasmussen, Svend Rindom, Robert Schmidt, Finn Wennerwald",7.0,503,"On the brink of war, Lt. van Hauen is summoned to take command of the cruiser, but due to unforeseen events, he is wrongfully convicted as a traitor.",Benjamin Christensen
31,tt0004099,"His Majesty, the Scarecrow of Oz",1914,"Family, Fantasy, Adventure",59,USA,English,"Violet MacMillan, Frank Moore, Pierre Couderc, Fred Woodward, Raymond Russell, Arthur Smollet, J. Charles Haydon, Todd Wright, Vivian Reed, Mai Wells, Mildred Harris, Louise Emmons, Jacqueline Lovell",5.2,415,"A wicked king has taken over the Emerald City, and wants his daughter, Princess Gloria, to marry the horrid courtier Googly-Goo, though she loves Pon, the Gardener's Boy. The camera now ...",J. Farrell MacDonald
32,tt0004134,Hypocrites,1915,Drama,54,USA,English,"Courtenay Foote, Myrtle Stedman, Herbert Standing, Adele Farrington",6.6,456,"The parallel stories of a modern preacher and a medieval monk, Gabriel the Ascetic, who is killed by an ignorant mob for making a nude statue representing Truth, which is also represented by a ghostly naked girl who flits throughout the film.",Lois Weber
33,tt0004150,In the Land of the Head Hunters,1914,"Drama, History",65,"USA, Canada",English,"Stanley Hunt, Sarah Constance Smith Hunt, Mrs. George Walkus, Paddy 'Malid, Balutsa, Kwagwanu, Francine Hunt, Bob Wilson, Awidi, Alfred Charlie",5.8,402,"In 1911, as part of his massive undertaking, famed Northwest photographer Edward S. Curtis travelled to Vancouver Island, British Columbia, to visit the Kwakwaka'wakw. By the next year, ...",Edward S. Curtis
34,tt0004181,Judith of Bethulia,1914,Drama,61,USA,English,"Blanche Sweet, Henry B. Walthall, Mae Marsh, Robert Harron, Kate Bruce, Lillian Gish, J. Jiquel Lanoe, Gertrude Bambrick, Dorothy Gish, Harry Carey",6.1,1239,"A religious woman seeks to save her people from destruction by seducing and murdering the enemy leader, but her plans get complicated once she falls for him.",D.W. Griffith
35,tt0004457,The Patchwork Girl of Oz,1914,"Adventure, Family, Fantasy",81,USA,English,"Violet MacMillan, Frank Moore, Raymond Russell, Leontine Dranet, Bobbie Gould, Marie Wayne, Richard Rosson, Frank Bristol, Fred Woodward, Todd Wright, Bert Glennon, Hal Roach, Dave Anderson, Jessie May Walsh, William Cook",5.5,382,"Ojo and Unc Nunkie are out of food, so they decide to journey to the Emerald City where they will never starve. Along the way, they meet Mewel, a waif and stray (mule) who leads them to Dr....",J. Farrell MacDonald
36,tt0004465,The Perils of Pauline,1914,"Action, Adventure, Drama",199,USA,English,"Pearl White, Crane Wilbur, Paul Panzer, Edward José, Francis Carlyle, Clifford Bruce, Donald MacKenzie, Jack Standing, Eleanor Woodruff, Leroy Baker, Louise Du Pre, Oscar Nye, Sam J. Ryan, Louis J. Gasnier, Joe Cuny",6.3,939,"Young Pauline is left a lot of money when her wealthy uncle dies. However, her uncle's secretary has been named as her guardian until she marries, at which time she will officially take ...","Louis J. Gasnier, Donald MacKenzie"
37,tt0004635,The Squaw Man,1914,"Action, Drama, Romance",74,USA,English,"Dustin Farnum, Monroe Salisbury, Winifred Kingston, Mrs. A.W. Filson, Haidee Fuller, Red Wing, Foster Knox, Fred Montague, 'Baby' Carmen De Rue, Fernando Gálvez, Eugene De Rue, H.R. Macy, H.L. Swisher, Michael J. Kilpatrick, Sydney Deane",5.7,879,A chivalrous British officer takes the blame for his cousin's embezzlement and journeys to the American West to start a new life on a cattle ranch.,"Oscar Apfel, Cecil B. DeMille"
38,tt0004681,La madonnina del porto,1914,Drama,80,USA,English,"Mary Pickford, Harold Lockwood, Olive Carey, David Hartford, Louise Dunlap, William Walters, Richard Garrick, Eugene Walter, Jack Henry, H.R. Macy, H.L. Griffith",6.1,178,"A wealthy resident attempts to dispossess squatters who live near his home, which leads to a false accusation of murder.",Edwin S. Porter
39,tt0004707,Tillie's Punctured Romance,1914,Comedy,82,USA,"None, English","Marie Dressler, Charles Chaplin, Mabel Normand, Mack Swain, Charles Bennett, Chester Conklin",6.3,3250,A con man from the city dupes a wealthy country girl into marriage.,"Mack Sennett, Charles Bennett"
40,tt0004712,A tolonc,1915,Drama,67,Hungary,Hungarian,"Lili Berky, Victor Varconi, Mari Jászai, Andor Szakács, Gyula Nagy, Marcsa Simon, István Szentgyörgyi, Alajos Mészáros, Kató Berky, Elemér Hetényi, Zoltán Gálosi, Endre Kertész, Fülöp Erdõs, Adorján Nagy, Mihály Fekete",6.3,165,"Betty (Lili Berky, Duel For Nothing), a young woman living in the country, is told by her dying father that he is really her uncle and raised her as his own when her mother was sent to ...",Michael Curtiz
41,tt0004743,Uncle Tom's Cabin,1914,Drama,54,USA,,"Sam Lucas, Walter Hitchcock, Hattie Delaro, Master Abernathy, Teresa Michelena, Irving Cummings, Paul Scardon, Marie Eline, Garfield Thompson, Roy Applegate, Boots Wall",5.3,112,A black and white silent film based on Harriet Beecher Stowe's novel documenting the life and times of Uncle Tom.,William Robert Daly
42,tt0004766,The Virginian,1914,Western,55,USA,English,"Dustin Farnum, Jack W. Johnston, Sydney Deane, William Elmer, Winifred Kingston, James Griswold, Horace B. Carpenter, Tex Driscoll",5.6,174,"A good-natured but chivalrous cowboy romances the local schoolmarm and leads the posse that brings a gang of rustlers, which includes his best friend, to justice.",Cecil B. DeMille
43,tt0004825,The Wishing Ring: An Idyll of Old England,1914,"Comedy, Drama",54,USA,English,"Vivian Martin, Alec B. Francis, Chester Barnett, Gyp Williams, Simeon Wiltsie, Walter Morton, Johnny Hines",6.4,242,"After being expelled from college, Giles runs away from home and meets a young lady who he falls for.",Maurice Tourneur
44,tt0004838,The Wrath of the Gods,1914,"Drama, Romance",56,USA,English,"Sessue Hayakawa, Tsuru Aoki, Frank Borzage, Kisaburô Kurihara, Henry Kotani, Gladys Brockwell, Herschel Mayall",5.7,138,An American sailor falls in love with a fisherman's daughter and convinces her that Jesus is more powerful than the gods who have cursed her.,Reginald Barker
45,tt0004872,Alias Jimmy Valentine,1915,"Crime, Drama",65,USA,English,"Robert Warwick, Robert Cummings, Alec B. Francis, Frederick Truesdell, Ruth Shepley, Johnny Hines, D.J. Flanagan, Walter Craven, John Boone, George Cummings, Thomas Mott Osborne",6.6,206,"After robbing a bank, a criminal is wrongfully pardoned from prison.",Maurice Tourneur
46,tt0004873,Alice in Wonderland,1915,"Adventure, Family, Fantasy",52,USA,English,"Viola Savoy, Herbert Rice, Harry Marks, Louis Merkle, William Tilden",6.2,394,Alice goes with her sister to a picnic and then she falls asleep and starts dreaming about a wonderland full of talking animals and walking playing cards.,W.W. Young
47,tt0004972,Nascita di una nazione,1915,"Drama, History, War",195,USA,None,"Henry B. Walthall, Lillian Gish, Mae Marsh, Miriam Cooper, Mary Alden, Ralph Lewis, George Siegmann, Walter Long, Robert Harron, Wallace Reid, Joseph Henabery, Elmer Clifton, Josephine Crowell, Spottiswoode Aitken, George Beranger",6.3,22213,"The Stoneman family finds its friendship with the Camerons affected by the Civil War, both fighting in opposite armies. The development of the war in their lives plays through to Lincoln's assassination and the birth of the Ku Klux Klan.",D.W. Griffith
48,tt0005060,Carmen,1915,Drama,59,USA,English,"Geraldine Farrar, Wallace Reid, Pedro de Cordoba, Horace B. Carpenter, William Elmer, Jeanie Macpherson, Anita King, Milton Brown, Tex Driscoll",6.4,894,"In order to help her smuggler kinsmen, a sultry gypsy seduces and corrupts an officer of the Civil Guard turning him into a traitor and murderer.",Cecil B. DeMille
49,tt0005078,The Cheat,1915,"Drama, Romance",59,USA,English,"Fannie Ward, Sessue Hayakawa, Jack Dean, James Neill, Yutaka Abe, Dana Ong, Hazel Childers, Arthur H. Williams",6.6,2305,"A venal, spoiled stockbroker's wife impulsively embezzles $10,000 from the charity she chairs and desperately turns to a Burmese ivory trader to replace the stolen money.",Cecil B. DeMille
50,tt0005149,The Coward,1915,"Drama, History, War",77,USA,English,"Frank Keenan, Charles Ray, Gertrude Claire, Patricia Palmer, Nick Cogley, Charles K. French, Minnie Devereaux",6.0,244,"Colonel Winslow, veteran of the Mexican War, hopes for a great future for his only son, Frank. At the outbreak of the Civil War, a recruiting station is opened in the Virginia village where...","Reginald Barker, Thomas H. Ince"
51,tt0005339,La vampira,1915,Drama,67,USA,English,"Runa Hodges, Mabel Frenyear, Edward José, May Allison, Clifford Bruce, Theda Bara, Victor Benoit, Frank Powell, Minna Gale, Creighton Hale",5.8,783,A married diplomat falls hopelessly under the spell of a predatory woman.,Frank Powell
52,tt0005402,The Golden Chance,1915,Drama,74,USA,English,"Cleo Ridgely, Wallace Reid, Horace B. Carpenter, Ernest Joy, Edythe Chapman, Raymond Hatton, William Elmer, Mrs. Lewis McCord",6.4,187,Mary Denby becomes a seamstress after her husband Steve wastes their money on booze. Her employer provides her as an escort to accompany millionaire Roger Manning. Her husband tries ...,Cecil B. DeMille
53,tt0005529,Hævnens Nat,1916,"Crime, Drama, Horror",100,Denmark,,"Benjamin Christensen, Karen Caspersen, Peter Fjelstrup, Charles Wilken, Ulla Johansen, Jon Iversen, Aage Schmidt, Mathilde Nielsen, Carl Gottschalksen, Grethe Brandes, Elith Pio, Fritz Lamprecht, Osvald Helmuth, Otto Reinwald, Jørgen Lund",6.8,268,"A criminal escapes from prison, however a betrayal leads to his second arrest.",Benjamin Christensen
54,tt0005557,The Italian,1915,Drama,72,USA,English,"George Beban, Clara Williams, J. Frank Burke, Leo Willis, Fanny Midgley",6.6,293,An immigrant leaves his sweetheart in Italy to find a better life across the sea in the grimy slums of New York. They are eventually reunited and marry. But life in New York is hard and ...,Reginald Barker
55,tt0005680,Maciste,1915,Adventure,67,Italy,Italian,"Bartolomeo Pagano, Leone Papa, Clementina Gay, Amelia Chellini, Didaco Chellini, Ada Marangoni",5.9,130,"A young girl, pursued by a band of conspirators, hides in a movie theatre where she watches the film Cabiria. She determines to seek the aid of that film's strongman, Maciste. When she ...","Luigi Romano Borgnetto, Vincenzo Denizot"
56,tt0005719,Martyrs of the Alamo,1915,"Drama, History, War",71,USA,English,"Sam De Grasse, Allan Sears, Walter Long, Alfred Paget, Fred Burns, John T. Dillon, Juanita Hansen, Ora Carew, Tom Wilson, Augustus Carney",5.6,138,The story of the defense of the mission-turned-fortress by 185 Texans against an overwhelming Mexican army in 1836.,Christy Cabanne
57,tt0005809,The Nigger,1915,Drama,50,USA,English,"William Farnum, Claire Whitney, George De Carlton, Henry Armetta",6.1,300,"Philip Morrow grows to manhood in the belief that the blood in his veins is the most aristocratic in the South. ""Clif"" Noyes, a distiller of whiskey of the fiery brand manufactured for ...",Edgar Lewis
58,tt0005916,Posle smerti,1915,Drama,46,Russia,Russian,"Vitold Polonsky, Olga Rakhmanova, Vera Karalli, Mariya Khalatova, Tamara Gedevanova, Marfa Kassatskaya, Georg Asagaroff",6.9,794,"Andrei lives a secluded life with his aunt, studying and thinking about his now-deceased mother. His friend Tsenin is concerned, and tries to get Andrei to accompany him to social events. ...",Yevgeny Bauer
59,tt0005951,Rapsodia satanica,1917,"Drama, Fantasy, Horror",55,Italy,,"Lyda Borelli, Andrea Habay, Ugo Bazzini, Giovanni Cini",6.9,597,"A Faustian tale about an old woman who makes a pact with Mephisto to regain her youth, in return she must stay away from love. After the deal she meets two brothers who fall in love with her.",Nino Oxilia
60,tt0005960,La rigenerazione,1915,"Biography, Crime, Drama",72,USA,English,"John McCann, James A. Marcus, Maggie Weston, Harry McCoy, Rockliffe Fellowes, William Sheer, Carl Harbaugh, Anna Q. Nilsson",6.8,1110,A boy surrounded by violence grows up to become an infamous gangster.,Raoul Walsh
61,tt0006206,I vampiri,1915,"Action, Adventure, Crime",421,France,French,"Musidora, Édouard Mathé, Marcel Lévesque, Jean Aymé, Fernand Herrmann, Stacia Napierkowska, Renée Carl, Suzanne Delvé, Georgette Faraboni, Jacques Feyder, Fridolin, Rita Herlor, Émile Keppens, Louise Lagrange, Suzanne Le Bret",7.3,4166,An intrepid reporter and his loyal friend battle a bizarre secret society of criminals known as The Vampires.,Louis Feuillade
62,tt0006327,Young Romance,1915,Comedy,59,USA,English,"Edith Taliaferro, Florence Dagmar, Tom Forman, Frederick Wilson, Al Ernest Garcia, Marshall Mackaye, Harry De Vere, J. Parks Jones, Violet Drew, Mrs. Lewis McCord, Gertrude Kellar, Charles Wells, Dorothy Abril, Miss White, Raymond Hatton",5.9,151,"Young Romance, released in 1915, is a recent rediscovery that forever silences the claim that refined comedy cannot be conveyed via the screen. This disguise plot, worthy of an Elizabethan ...",George Melford
63,tt0006333,"20,000 Leagues Under the Sea",1916,"Action, Adventure, Sci-Fi",105,USA,English,"Dan Hanlon, Edna Pendleton, Curtis Benton, Allen Holubar, Matt Moore, Jane Gail, Howard Crampton, William Welsh, Lois Alexander, Wallis Clark",6.2,1501,A French professor and his daughter accompany Captain Nemo on an adventure aboard a submarine.,Stuart Paton
64,tt0006509,The Children in the House,1916,Drama,50,USA,English,"Norma Talmadge, Alice Wilson, Jewel Carmen, William Hinckley, W.E. Lawrence, George C. Pearce, Eugene Pallette, Walter Long, Alva D. Blake, Georgie Stone, Violet Radcliffe, 'Baby' Carmen De Rue, Francis Carpenter, Ninon Fovieri",4.5,559,Roy Somerville has turned out a rather interesting story that will hold the interest of the majority of audiences as produced by the Triangle-Fine Arts Company. It is a five-reel feature ...,"Chester M. Franklin, Sidney Franklin"
65,tt0006517,Civilization,1915,Drama,85,USA,English,"Howard Hickman, Enid Markey, Lola May, Kate Bruce, J. Frank Burke, Claire Du Brey, George Fisher, Charles K. French, Thomas H. Ince, Herschel Mayall, Fanny Midgley, J. Barney Sherry, Jerome Storm, Ethel Ullman, Woodrow Wilson",6.0,283,Christ takes on the form of a pacifist count to end a senseless war.,"Reginald Barker, Thomas H. Ince"
66,tt0006589,The Devil's Needle,1916,Drama,59,USA,English,"Tully Marshall, Norma Talmadge, Marguerite Marsh, F.A. Turner, Howard Gaye, John E. Brennan, Paul Le Blanc",6.8,123,"Wynne Mortimer, a pampered society girl and daughter of William Mortimer, a prominent business man, chances to meet David White, a young artist whose fame is already assured, at an art ...",Chester Withey
67,tt0006617,Dödskyssen,1916,"Comedy, Crime, Drama",60,Sweden,,"Victor Sjöström, Albin Lavén, Mathias Taube, Wanda Rothgardt, Jenny Tschernichin-Larsson",6.1,199,Dr Monro is found dead in his home. Three people are testifying before the police about what happened.,Victor Sjöström
68,tt0006688,Flirting with Fate,1916,"Adventure, Comedy",57,USA,English,"Douglas Fairbanks, Jewel Carmen, Howard Gaye, W.E. Lawrence, George Beranger, Dorothy Haydel, Lillian Langdon, Wilbur Higby, J.P. McCarty",6.4,143,"In the midst of an emotional depression, a man hires a murderer to kill him. But the despair soon passes, and the man must now escape the killer he's hired to end his life.",Christy Cabanne
69,tt0006731,Going Straight,1916,"Crime, Drama",60,USA,English,"Norma Talmadge, Ralph Lewis, Ninon Fovieri, Francis Carpenter, Fern Collier, Ruth Handforth, Eugene Pallette, Georgie Stone, Kate Toncray, 'Baby' Carmen De Rue, Violet Radcliffe",5.3,609,"A man and his wife both have criminal pasts, but have quit crime and are now respectable citizens. One day a member of their old gang shows up and threatens to expose them if they don't ...","Chester M. Franklin, Sidney Franklin"
70,tt0006736,The Good Bad-Man,1916,"Romance, Western",50,USA,English,"Douglas Fairbanks, Sam De Grasse, Pomeroy Cannon, Joseph Singleton, Bessie Love, Mary Alden, George Beranger, Fred Burns",6.6,166,"An outlaw calling himself Passin' Through halts his ""evil"" ways long enough to help out some children in difficulty.",Allan Dwan
71,tt0006745,Gretchen the Greenhorn,1916,"Crime, Drama, Romance",58,USA,English,"Dorothy Gish, Ralph Lewis, Eugene Pallette, Elmo Lincoln, Frank Bennett, Georgie Stone, Kate Bruce",5.7,479,A kindly Dutch immigrant and her bumbling father are blackmailed by a gang of counterfeiters.,"Chester M. Franklin, Sidney Franklin"
72,tt0006753,The Half-Breed,1916,Western,73,USA,English,"Douglas Fairbanks, Alma Rubens, Sam De Grasse, Tom Wilson, Frank Brownlee, Jewel Carmen, George Beranger",6.6,147,An outcast named Lo Dorman encounters a young woman lost in the woods. He defends her from danger in the forest and from Sheriff Dunn.,Allan Dwan
73,tt0006780,Hell's Hinges,1916,"Romance, Western",64,USA,English,"William S. Hart, Clara Williams, Jack Standing, Alfred Hollingsworth, Robert McKim, J. Frank Burke, Louise Glaum",6.8,836,"In the wayward western town known as Hell's Hinges, a local tough guy is reformed by the faith of a good woman.","Charles Swickard, William S. Hart"
74,tt0006809,His Picture in the Papers,1916,Comedy,62,USA,English,"Douglas Fairbanks, Clarence Handyside, Rene Boucicault, Jean Temple, Charles Butler, Loretta Blake, Homer Hunt, Helena Rupport",5.9,127,"A young man can only get the woman he loves if he becomes famous and manages to get his picture in the newspapers. He determines to let nothing stand in the way of his doing exactly that, ...",John Emerson
75,tt0006826,Hoodoo Ann,1916,"Comedy, Drama, Romance",65,USA,English,"Mae Marsh, Robert Harron, William H. Brown, Wilbur Higby, Loyola O'Connor, Mildred Harris, Pearl Elmore, Anna Dodge, Charles Lee, Elmo Lincoln, Robert Lawler, Carl Stockdale",5.6,837,"A little orphan girl believes that her life is falling apart. It seems that everything that could possibly go wrong does go wrong. However, certain things happen that begin to make her ...",Lloyd Ingraham
76,tt0006864,Intolerance,1916,"Drama, History",163,USA,English,"Lillian Gish, Mae Marsh, Robert Harron, F.A. Turner, Sam De Grasse, Vera Lewis, Mary Alden, Eleanor Washington, Pearl Elmore, Lucille Browne, Julia Mackley, Miriam Cooper, Walter Long, Tom Wilson, Ralph Lewis",7.8,13875,"The story of a poor young woman, separated by prejudice from her husband and baby, is interwoven with tales of intolerance from throughout history.",D.W. Griffith
77,tt0006886,Judex,1916,"Adventure, Crime",300,France,French,"René Cresté, Musidora, René Poyen, Édouard Mathé, Gaston Michel, Yvonne Dario, Yvette Andréyor, Juliette Clarens, Jean Devalde, Georges Flateau, Louis Leubas, Marcel Lévesque, Olinda Mano",7.4,867,A twelve part serial following the adventures of the masked vigilante Judex as he fights against criminals led by the corrupt banker Favrauxom.,Louis Feuillade
78,tt0007047,The Matrimaniac,1916,"Comedy, Romance",46,USA,English,"Douglas Fairbanks, Constance Talmadge, Wilbur Higby, Fred Warren, Clyde E. Hopkins, Winifred Westover",6.0,573,"A young couple attempts to elope, with the bride's irate father in hot pursuit. The train stops briefly and the young man dashes off to find a minister, but before he can get himself and ...",Paul Powell
79,tt0007183,Pikovaya dama,1916,"Drama, Fantasy, Horror",63,Russia,Russian,"Tamara Duvan, Ivan Mozzhukhin, Vera Orlova, Nikolai Panov, Polycarpe Pavloff, Yelizaveta Shebueva",7.0,610,"While hosting a game of cards one night, Narumov tells his friends a story about his grandmother, a Countess. As a young woman, she had once incurred an enormous gambling debt, which she ...",Yakov Protazanov
80,tt0007257,Reggie Mixes In,1916,"Action, Comedy, Drama",50,USA,English,"Douglas Fairbanks, Bessie Love, Joseph Singleton, William Lowery, Wilbur Higby, Frank Bennett, Allan Sears, Lillian Langdon, Alma Rubens, Alberta Lee, Tom Wilson",4.7,564,"Reggie, a wealthy young man about town, is eager for excitement, so he takes to visiting the rougher sections of the city in search of thrills. He meets and falls for a cabaret singer, but ...",Christy Cabanne
81,tt0007260,The Return of Draw Egan,1916,"Action, Adventure, Romance",50,USA,English,"William S. Hart, Margery Wilson, Robert McKim, Louise Glaum, J.P. Lockney",6.5,141,"Outlaw leader ""Draw"" Egan, believed dead, turns up in the town of Yellow Dog. The townsfolk believe him to be William Blake, a strong and law-abiding man. They appoint him sheriff to rid ...",William S. Hart
82,tt0007309,Schuhpalast Pinkus,1916,Comedy,45,Germany,German,"Ernst Lubitsch, Else Kentner, Guido Herzfeld, Ossi Oswalda, Hanns Kräly, Fritz Rasp, Erich Schönfelder",5.6,183,"Sally Pinkus is an German-Jewish boy who takes a job as a shoe store clerk after being expelled from school for goofing around. Soon fired for trying to court the owner's daughter, Pinkus ...",Ernst Lubitsch
83,tt0007338,Sherlock Holmes,1916,Mystery,116,USA,English,"William Gillette, Marjorie Kay, Ernest Maupain, Edward Fielding, Mario Majeroni, Grace Reals, William Postance, Stewart Robbins, Burford Hampden, Chester Beery, Frank Hamilton, Fred Malatesta, Leona Ball, Hugh Thompson, Ludwig Kreiss",6.4,313,"When a couple of swindlers hold young Alice Faulkner against her will in order to discover the whereabouts of letters which could spell scandal for the royal family, Sherlock Holmes is on the case.",Arthur Berthelet
84,tt0007340,Shoes,1916,Drama,60,USA,English,"Mary MacLaren, Harry Griffith, Mattie Witting, Jessie Arnold, William V. Mong",6.8,342,"A young working girl must support her family on only five dollars (~ $120 in 2020) a week. The strain of trying to feed, house and clothe her mother, her father and three sisters finally ...",Lois Weber
85,tt0007361,Snow White,1916,"Fantasy, Romance",63,USA,English,"Dorothy Cumming, Creighton Hale, Lionel Braham, Alice Washburn, Marguerite Clark",6.2,349,"Snow White is a motherless princess, who arouses the jealousy and hatred of Mary Jane, her mother's former lady-in-waiting, who is the ugliest woman in the kingdom, but aspires to the ...",J. Searle Dawley
86,tt0007367,The Social Secretary,1916,"Comedy, Drama",52,USA,English,"Norma Talmadge, Kate Lester, Helen Weir, Gladden James, Herbert French, Erich von Stroheim, Nathaniel Sack",5.3,509,"To avoid unwanted attention at her next job, a young professional disguises herself, leading to some unintended consequences.",John Emerson
87,tt0007522,Vingarne,1916,Drama,69,Sweden,,"Nils Asther, Lili Beck, Egil Eide, Lars Hanson, Julius Hälsig, Julius Jaenzon, Bertil Junggren, Albin Lavén, Mauritz Stiller",5.8,100,"An adaptation of Herman Bang's 1902 novel ""Mikaël."" A sculptor befriends a young painter who becomes his model. Their friendship is thrown into turmoil when they both fall in love with the same woman.",Mauritz Stiller
88,tt0007558,Where Are My Children?,1916,Drama,62,USA,English,"Tyrone Power Sr., Mrs. Tyrone Power, Marie Walcamp, Cora Drew, Rena Rogers, Alva D. Blake, Juan de la Cruz, C. Norman Hammond, William J. Hope, Marjorie Blynn, William Haben",6.3,591,A District Attorney's outspoken stand on abortion gets him in trouble with the local community.,"Phillips Smalley, Lois Weber"
89,tt0007610,'49-'17,1917,"Drama, Western",61,USA,English,"Joseph W. Girard, Leo Pierson, William Dyer, Mattie Witting, George C. Pearce, Jean Hersholt, Donna Drew",5.9,267,A retired judge comes West to restore a ghost town.,Ruth Ann Baldwin
90,tt0007755,Bucking Broadway,1917,Western,53,USA,English,"Harry Carey, Molly Malone, L.M. Wells, Vester Pegg, William Steele",6.0,468,A ranch foreman battles a rich stockbroker for the affections of a beautiful young woman.,John Ford
91,tt0007801,Cleopatra,1917,"Biography, Drama, History",125,USA,English,"Theda Bara, Fritz Leiber, Thurston Hall, Alan Roscoe, Herschel Mayall, Dorothy Drake, Delle Duncan, Henri De Vries, Art Acord, Hector V. Sarno, Genevieve Blinn",6.5,298,"The story of Cleopatra, the fabulous queen of Egypt, and the epic romances between her and the greatest men of Rome, Julius Caesar and Antony.",J. Gordon Edwards
92,tt0007983,Furcht,1917,Horror,72,Germany,,"Bruno Decarli, Bernhard Goetzke, Mechthildis Thein, Conrad Veidt",6.1,129,"After years travelling the world, Count Greven returns home with the art treasures he has collected. But his disposition has altered dramatically and he is a troubled man. Will he suffer ...",Robert Wiene
93,tt0008011,A Girl's Folly,1917,Comedy,65,USA,,"Robert Warwick, Doris Kenyon, June Elvidge, Jane Adair, Chester Barnett, Johnny Hines",6.1,135,"A restless young girl yearns to leave her rural environment and ""get away from it all"". One day she stumbles upon a film crew shooting a western near her home. She makes friends with the ...",Maurice Tourneur
94,tt0008100,L'astronave,1918,"Adventure, Fantasy, Sci-Fi",97,Denmark,,"Gunnar Tolnæs, Zanny Petersen, Nicolai Neiiendam, Alf Blütecher, Svend Kornbeck, Philip Bech, Lilly Jacobson, Frederik Jacobsen, Birger von Cotta-Schønberg, Albert Paul",6.5,585,"A group of researchers from Earth travel in a spaceship to Mars, where, to big surprise, they find a peaceful vegetarian and pacifist civilization.",Holger-Madsen
95,tt0008150,Joan the Woman,1916,"Adventure, Drama, History",138,USA,English,"Geraldine Farrar, Raymond Hatton, Hobart Bosworth, Theodore Roberts, Wallace Reid, Charles Clary, James Neill, Tully Marshall, Lawrence Peyton, Horace B. Carpenter, Cleo Ridgely, Lillian Leighton, Marjorie Daw, Ernest Joy, John Oaker",6.5,501,"A WWI English officer is inspired the night before a dangerous mission by a vision of Joan of Arc, whose story he relives.",Cecil B. DeMille
96,tt0008188,The Little American,1917,"Drama, Romance, War",80,USA,English,"Mary Pickford, Jack Holt, Raymond Hatton, Hobart Bosworth, Walter Long, James Neill, Ben Alexander, Guy Oliver, Edythe Chapman, Lillian Leighton, DeWitt Jennings",5.9,608,"A young American has her ship torpedoed by a German U-boat but makes it back to ancestral home in France, where she witnesses German brutality firsthand.","Cecil B. DeMille, Joseph Levering"
97,tt0008196,The Little Princess,1917,Drama,62,USA,English,"Mary Pickford, Norman Kerry, Katherine Griffith, Anne Schaefer, Zasu Pitts, W.E. Lawrence, Theodore Roberts, Gertrude Short, Gustav von Seyffertitz, Loretta Blake, George A. McDaniel",5.7,638,"Little Sara Crewe is placed in a boarding school by her father when he goes off to war, but he does not understand that the headmistress is a cruel, spiteful woman who makes life miserable ...",Marshall Neilan
98,tt0008279,Desiderata,1917,Drama,80,France,,"Emmy Lynn, Firmin Gémier, Armand Tallier, Anthony Gildès, Paul Vermoyal, Gaston Modot, Antonin Carène, Antonin Artaud, Francia Seguy",6.4,109,Sad story of an unfaithful wife and her subsequent sufferings as a mother.,Abel Gance
99,tt0008309,A Modern Musketeer,1917,"Adventure, Comedy, Western",68,USA,English,"Douglas Fairbanks, Marjorie Daw, Kathleen Kirkham, Eugene Ormonde, Edythe Chapman, Frank Campeau, Tully Marshall",6.7,257,"A restless young man travels west, encountering adventure, romance, and danger.",Allan Dwan
